id,terrestrial_date,sol,ls,month,min_temp,pressure
2,,10,155,6,-75.0,739.0
13,,11,156,6,-76.0,740.0
24,,12,156,6,-76.0,741.0
35,,13,157,6,-74.0,732.0
46,,14,157,6,-74.0,740.0
57,,15,158,6,-78.0,740.0
68,,16,158,6,-77.0,740.0
79,,17,159,6,-76.0,742.0
112,,21,161,6,-74.0,741.0
114,,22,162,6,-74.0,742.0
123,,23,162,6,-75.0,741.0
134,,24,163,6,-75.0,742.0
145,,25,163,6,-75.0,743.0
156,,26,164,6,-76.0,745.0
163,,27,164,6,-75.0,743.0
170,,28,165,6,-75.0,745.0
171,,29,166,6,-75.0,747.0
172,,30,166,6,-74.0,747.0
173,,31,167,6,-74.0,745.0
175,,33,168,6,-73.0,748.0
176,,34,168,6,-73.0,748.0
177,,35,169,6,-73.0,749.0
178,,36,169,6,-73.0,750.0
179,,37,170,6,-73.0,750.0
180,,38,171,6,-73.0,750.0
181,,39,171,6,-75.0,751.0
182,,40,172,6,-75.0,753.0
183,,41,172,6,-75.0,753.0
184,,42,173,6,-75.0,754.0
185,,43,173,6,-74.0,756.0
186,,44,174,6,-75.0,757.0
187,,45,175,6,-74.0,758.0
188,,46,175,6,-74.0,758.0
189,,47,176,6,-75.0,758.0
190,,48,176,6,-75.0,759.0
191,,49,177,6,-74.0,761.0
192,,50,177,6,-72.0,761.0
193,,51,178,6,-76.0,762.0
194,,52,179,6,-74.0,762.0
195,,53,179,6,-71.0,764.0
196,,54,180,7,-72.0,766.0
197,,55,180,7,-74.0,766.0
198,,56,181,7,-73.0,768.0
199,,57,181,7,-73.0,769.0
200,,58,182,7,-74.0,769.0
201,,59,183,7,-76.0,771.0
202,,60,183,7,-75.0,772.0
203,,61,184,7,-72.0,772.0
204,,62,184,7,-72.0,774.0
205,,63,185,7,-73.0,775.0
206,,64,186,7,-74.0,776.0
207,,65,186,7,-72.0,777.0
208,,66,187,7,-73.0,778.0
209,,67,187,7,-73.0,780.0
210,,68,188,7,-71.0,781.0
211,,69,189,7,-73.0,778.0
212,,70,189,7,-72.0,783.0
213,,71,190,7,-71.0,784.0
214,,72,190,7,-73.0,785.0
215,,73,191,7,-70.0,788.0
216,,74,192,7,-72.0,790.0
217,,75,192,7,-73.0,791.0
218,,76,193,7,-73.0,792.0
219,,77,193,7,-71.0,792.0
220,,78,194,7,-71.0,793.0
221,,79,195,7,-73.0,795.0
222,,80,195,7,-70.0,796.0
223,,81,196,7,-72.0,798.0
224,,82,196,7,-72.0,799.0
225,,83,197,7,-72.0,801.0
226,,84,198,7,-70.0,801.0
227,,85,198,7,-71.0,805.0
228,,86,199,7,-71.0,808.0
229,,87,199,7,-70.0,808.0
230,,88,200,7,-70.0,811.0
231,,89,201,7,-73.0,813.0
233,,90,201,7,-71.0,813.0
234,,91,202,7,-74.0,817.0
235,,92,202,7,-74.0,820.0
236,,93,203,7,-72.0,819.0
237,,94,204,7,-70.0,822.0
238,,95,204,7,-68.0,822.0
239,,96,205,7,-71.0,826.0
240,,97,206,7,-68.0,828.0
241,,98,206,7,-68.0,828.0
242,,99,207,7,-68.0,829.0
3,,100,207,7,-66.0,829.0
4,,101,208,7,-65.0,830.0
5,,102,209,7,-67.0,833.0
6,,103,209,7,-66.0,836.0
7,,104,210,8,-67.0,838.0
8,,105,211,8,-66.0,839.0
9,,106,211,8,-66.0,841.0
10,,107,212,8,-66.0,844.0
11,,108,212,8,-65.0,845.0
12,,109,213,8,-64.0,844.0
14,,110,214,8,-65.0,848.0
15,,111,214,8,-66.0,849.0
16,,112,215,8,-65.0,852.0
17,,113,216,8,-66.0,857.0
18,,114,216,8,-69.0,857.0
19,,115,217,8,-66.0,857.0
20,,116,217,8,-67.0,859.0
21,,117,218,8,-66.0,861.0
22,,118,219,8,-65.0,864.0
23,,119,219,8,-66.0,866.0
25,,120,220,8,-67.0,867.0
26,,121,221,8,-66.0,869.0
27,,122,221,8,-65.0,869.0
28,,123,222,8,-66.0,875.0
29,,124,223,8,-66.0,876.0
30,,125,223,8,-68.0,880.0
31,,126,224,8,-66.0,880.0
32,,127,224,8,-67.0,884.0
33,,128,225,8,-67.0,883.0
34,,129,226,8,-65.0,886.0
36,,130,226,8,-65.0,888.0
37,,131,227,8,-65.0,889.0
38,,132,228,8,-65.0,890.0
39,,133,228,8,-65.0,891.0
40,,134,229,8,-67.0,893.0
41,,135,230,8,-65.0,894.0
42,,136,230,8,-65.0,897.0
43,,137,231,8,-64.0,896.0
44,,138,232,8,-65.0,899.0
45,,139,232,8,-66.0,899.0
47,,140,233,8,-66.0,903.0
48,,141,233,8,-64.0,904.0
49,,142,234,8,-65.0,906.0
50,,143,235,8,-63.0,908.0
51,,144,235,8,-64.0,907.0
52,,145,236,8,-64.0,909.0
53,,146,237,8,-65.0,908.0
54,,147,237,8,-65.0,914.0
55,,148,238,8,-65.0,912.0
56,,149,239,8,-65.0,914.0
58,,150,239,8,-64.0,913.0
59,,151,240,9,-65.0,915.0
60,,152,241,9,-63.0,914.0
61,,153,241,9,-65.0,915.0
62,,154,242,9,-65.0,917.0
63,,155,243,9,-64.0,917.0
64,,156,243,9,-65.0,922.0
65,,157,244,9,-64.0,920.0
66,,158,245,9,-66.0,922.0
67,,159,245,9,-65.0,918.0
69,,160,246,9,-67.0,919.0
70,,161,246,9,-65.0,919.0
71,,162,247,9,-65.0,919.0
72,,163,248,9,-65.0,919.0
73,,164,248,9,-64.0,919.0
74,,165,249,9,-65.0,922.0
75,,166,250,9,-65.0,922.0
76,,167,250,9,-65.0,920.0
77,,168,251,9,-66.0,923.0
78,,169,252,9,-66.0,922.0
80,,170,252,9,-66.0,925.0
81,,171,253,9,-67.0,925.0
82,,172,254,9,-67.0,923.0
83,,173,254,9,-67.0,920.0
84,,174,255,9,-67.0,921.0
85,,175,256,9,-68.0,921.0
86,,176,256,9,-67.0,920.0
87,,177,257,9,-66.0,921.0
88,,178,258,9,-66.0,920.0
89,,179,258,9,-66.0,920.0
91,,180,259,9,-67.0,919.0
92,,181,260,9,-67.0,918.0
93,,182,260,9,-67.0,921.0
94,,183,261,9,-67.0,921.0
95,,184,261,9,-67.0,923.0
96,,185,262,9,-67.0,923.0
97,,186,263,9,-66.0,922.0
98,,187,263,9,-67.0,921.0
99,,188,264,9,-68.0,920.0
100,,189,265,9,-68.0,920.0
102,,190,265,9,-66.0,917.0
103,,191,266,9,-67.0,921.0
106,,196,269,9,-66.0,916.0
107,,197,270,10,-68.0,915.0
108,,198,271,10,-67.0,914.0
109,,199,271,10,-66.0,917.0
116,,223,287,10,-71.0,895.0
117,,224,287,10,-69.0,894.0
118,,225,288,10,-71.0,894.0
119,,226,288,10,-70.0,894.0
120,,227,289,10,-70.0,892.0
121,,228,290,10,-71.0,894.0
122,,229,290,10,-69.0,894.0
124,,230,291,10,-69.0,888.0
125,,231,292,10,-71.0,890.0
126,,232,292,10,-69.0,888.0
127,,233,293,10,-69.0,889.0
128,,234,293,10,-69.0,890.0
129,,235,294,10,-70.0,886.0
130,,236,295,10,-72.0,886.0
131,,237,295,10,-71.0,883.0
132,,238,296,10,-70.0,885.0
133,,239,297,10,-73.0,885.0
135,,240,297,10,-70.0,884.0
136,,241,298,10,-72.0,884.0
137,,242,298,10,-70.0,881.0
138,,243,299,10,-71.0,884.0
139,,244,300,11,-69.0,878.0
140,,245,300,11,-70.0,879.0
141,,246,301,11,-73.0,878.0
142,,247,301,11,-71.0,873.0
143,,248,302,11,-70.0,877.0
144,,249,303,11,-69.0,873.0
146,,250,303,11,-70.0,877.0
147,,251,304,11,-71.0,876.0
148,,252,304,11,-71.0,874.0
149,,253,305,11,-71.0,877.0
150,,254,306,11,-70.0,871.0
151,,255,306,11,-69.0,877.0
152,,256,307,11,-70.0,871.0
153,,257,308,11,-70.0,871.0
154,,258,308,11,-71.0,869.0
155,,259,309,11,-72.0,871.0
157,,260,309,11,-70.0,875.0
158,,261,310,11,-70.0,868.0
161,,268,314,11,-70.0,864.0
162,,269,315,11,-72.0,866.0
164,,270,315,11,-67.0,863.0
165,,271,316,11,-69.0,864.0
166,,272,316,11,-71.0,864.0
167,,273,317,11,-70.0,861.0
168,,274,318,11,-70.0,861.0
169,,275,318,11,-67.0,860.0
244,,276,319,11,-69.0,858.0
245,,277,319,11,-69.0,857.0
246,,278,320,11,-67.0,855.0
247,,279,321,11,-68.0,856.0
248,,280,321,11,-69.0,856.0
249,,281,322,11,-68.0,855.0
250,,282,322,11,-72.0,856.0
251,,283,323,11,-68.0,854.0
252,,284,323,11,-71.0,854.0
253,,285,324,11,-70.0,852.0
254,,286,325,11,-71.0,854.0
255,,287,325,11,-72.0,856.0
256,,288,326,11,-69.0,854.0
257,,289,326,11,-71.0,854.0
258,,290,327,11,-71.0,853.0
259,,291,327,11,-70.0,853.0
260,,292,328,11,-71.0,853.0
261,,293,329,11,-72.0,850.0
262,,294,329,11,-72.0,852.0
263,,295,330,12,-71.0,853.0
264,,296,330,12,-71.0,850.0
265,,297,331,12,-72.0,849.0
266,,298,331,12,-72.0,850.0
267,,299,332,12,-71.0,849.0
286,,300,333,12,-72.0,852.0
276,,301,333,12,-73.0,852.0
287,,302,334,12,-71.0,850.0
283,,303,334,12,-71.0,849.0
281,,304,335,12,-70.0,848.0
275,,305,335,12,-71.0,847.0
280,,306,336,12,-71.0,848.0
279,,307,336,12,-72.0,851.0
282,,308,337,12,-73.0,850.0
284,,309,338,12,-72.0,848.0
278,,310,338,12,-71.0,849.0
277,,311,339,12,-74.0,846.0
285,,312,339,12,-71.0,845.0
274,,313,340,12,-77.0,849.0
272,,314,340,12,-73.0,848.0
273,,315,341,12,-74.0,850.0
288,,316,341,12,-74.0,851.0
268,,317,342,12,-72.0,849.0
270,,318,342,12,-74.0,849.0
271,,319,343,12,-73.0,847.0
269,,320,344,12,-74.0,846.0
289,,321,344,12,-75.0,847.0
291,,322,345,12,-74.0,849.0
290,,323,345,12,-74.0,847.0
292,,324,346,12,-75.0,850.0
294,,325,346,12,-74.0,847.0
295,,326,347,12,-72.0,848.0
296,,327,347,12,-74.0,848.0
293,,328,348,12,-75.0,847.0
298,,329,348,12,-74.0,847.0
297,,330,349,12,-75.0,848.0
303,,331,349,12,-74.0,848.0
300,,332,350,12,-76.0,849.0
299,,333,350,12,-75.0,849.0
301,,334,351,12,-74.0,852.0
302,,335,352,12,-76.0,852.0
305,,336,352,12,-76.0,852.0
304,,337,353,12,-75.0,853.0
306,,338,353,12,-78.0,848.0
308,,339,354,12,-76.0,849.0
307,,340,354,12,-76.0,851.0
310,,341,355,12,-77.0,852.0
309,,342,355,12,-76.0,851.0
311,,343,356,12,-77.0,850.0
317,,344,356,12,-77.0,851.0
312,,345,357,12,-77.0,853.0
314,,346,357,12,-76.0,853.0
313,,347,358,12,-77.0,851.0
315,,348,358,12,-74.0,850.0
316,,349,359,12,-75.0,852.0
318,,350,359,12,-76.0,853.0
320,,351,0,1,-75.0,853.0
319,,352,0,1,-77.0,854.0
323,,353,1,1,-75.0,855.0
322,,354,1,1,-75.0,857.0
321,,355,2,1,-75.0,857.0
324,,356,2,1,-77.0,856.0
325,,357,3,1,-76.0,857.0
326,,366,7,1,-76.0,861.0
328,,367,8,1,-76.0,862.0
330,,368,8,1,-77.0,863.0
331,,369,9,1,-75.0,865.0
332,,370,9,1,-79.0,865.0
333,,371,10,1,-77.0,865.0
334,,372,10,1,-76.0,866.0
335,,373,11,1,-79.0,866.0
337,,374,11,1,-79.0,866.0
336,,375,12,1,-77.0,867.0
340,,376,12,1,-78.0,870.0
338,,377,13,1,-78.0,870.0
339,,378,13,1,-78.0,869.0
341,,379,14,1,-79.0,870.0
343,,380,14,1,-79.0,870.0
345,,381,15,1,-79.0,871.0
344,,382,15,1,-76.0,872.0
342,,383,16,1,-77.0,874.0
346,,384,16,1,-77.0,875.0
351,,385,17,1,-78.0,874.0
347,,386,17,1,-77.0,873.0
349,,387,18,1,-78.0,874.0
350,,388,18,1,-79.0,875.0
348,,389,19,1,-79.0,875.0
352,,390,19,1,-78.0,875.0
353,,391,20,1,-78.0,875.0
354,,392,20,1,-77.0,876.0
355,,393,21,1,-76.0,877.0
356,,394,21,1,-79.0,878.0
357,,395,22,1,-77.0,878.0
358,,396,22,1,-78.0,879.0
359,,397,23,1,-75.0,880.0
360,,398,23,1,-79.0,880.0
361,,399,24,1,-79.0,881.0
363,,400,24,1,-79.0,881.0
362,,401,25,1,-79.0,882.0
365,,402,25,1,-78.0,883.0
364,,403,25,1,-80.0,883.0
367,,404,26,1,-78.0,884.0
366,,405,26,1,-82.0,885.0
374,,406,27,1,-81.0,886.0
370,,407,27,1,-81.0,887.0
369,,408,28,1,-80.0,887.0
368,,409,28,1,-81.0,887.0
373,,410,29,1,-81.0,888.0
372,,411,29,1,-82.0,887.0
371,,412,30,2,-80.0,888.0
376,,413,30,2,-82.0,888.0
375,,414,31,2,-79.0,889.0
377,,415,31,2,-82.0,890.0
378,,416,32,2,-79.0,889.0
379,,417,32,2,-82.0,890.0
380,,418,33,2,-79.0,891.0
381,,419,33,2,-82.0,891.0
385,,420,33,2,-80.0,892.0
382,,421,34,2,-81.0,890.0
384,,422,34,2,-82.0,891.0
383,,423,35,2,-81.0,892.0
386,,424,35,2,-81.0,893.0
393,,425,36,2,-81.0,893.0
388,,426,36,2,-79.0,893.0
392,,427,37,2,-81.0,893.0
391,,428,37,2,-81.0,894.0
387,,429,38,2,-82.0,895.0
390,,430,38,2,-82.0,896.0
389,,431,39,2,-83.0,895.0
395,,432,39,2,-80.0,896.0
394,,433,40,2,-81.0,895.0
397,,434,40,2,-80.0,896.0
396,,435,40,2,-81.0,896.0
398,,436,41,2,-81.0,897.0
399,,437,41,2,-82.0,898.0
400,,438,42,2,-79.0,899.0
401,,439,42,2,-80.0,899.0
404,,440,43,2,-80.0,899.0
402,,441,43,2,-81.0,900.0
405,,442,44,2,-80.0,900.0
403,,443,44,2,-81.0,901.0
407,,455,50,2,-84.0,905.0
406,,456,50,2,-83.0,905.0
409,,463,53,2,-86.0,906.0
410,,464,54,2,-84.0,906.0
412,,465,54,2,-85.0,906.0
415,,466,55,2,-85.0,907.0
411,,467,55,2,-84.0,907.0
414,,468,55,2,-85.0,907.0
413,,469,56,2,-85.0,908.0
475,,470,56,2,-85.0,907.0
479,,471,57,2,-84.0,906.0
416,,472,57,2,-84.0,907.0
417,,473,58,2,-86.0,907.0
420,,474,58,2,-84.0,906.0
419,,475,59,2,-85.0,906.0
418,,476,59,2,-85.0,906.0
421,,477,60,3,-85.0,907.0
422,,486,64,3,-84.0,904.0
473,,487,64,3,-85.0,904.0
480,,488,64,3,-87.0,903.0
423,,489,65,3,-85.0,904.0
434,,490,65,3,-87.0,903.0
433,,491,66,3,-86.0,903.0
427,,492,66,3,-86.0,903.0
426,,493,67,3,-84.0,902.0
429,,494,67,3,-85.0,902.0
431,,495,68,3,-86.0,900.0
428,,496,68,3,-85.0,901.0
425,,497,69,3,-86.0,901.0
424,,498,69,3,-86.0,901.0
432,,499,69,3,-84.0,899.0
430,,500,70,3,-85.0,897.0
435,,501,70,3,-86.0,898.0
437,,502,71,3,-87.0,898.0
483,,503,71,3,-86.0,897.0
436,,504,72,3,-85.0,895.0
438,,505,72,3,-85.0,895.0
439,,506,73,3,-86.0,894.0
440,,507,73,3,-85.0,894.0
442,,508,73,3,-83.0,893.0
443,,509,74,3,-86.0,895.0
441,,510,74,3,-85.0,892.0
446,,511,75,3,-85.0,892.0
444,,512,75,3,-86.0,890.0
445,,513,76,3,-86.0,889.0
447,,514,76,3,-86.0,888.0
450,,515,77,3,-86.0,888.0
449,,516,77,3,-86.0,888.0
448,,517,77,3,-86.0,885.0
451,,518,78,3,-85.0,885.0
452,,519,78,3,-86.0,884.0
453,,520,79,3,-86.0,884.0
454,,521,79,3,-87.0,882.0
455,,522,80,3,-85.0,881.0
458,,523,80,3,-85.0,881.0
457,,524,81,3,-85.0,880.0
456,,525,81,3,-87.0,878.0
459,,526,82,3,-87.0,878.0
460,,527,82,3,-86.0,877.0
461,,528,82,3,-86.0,876.0
462,,529,83,3,-87.0,875.0
463,,530,83,3,-87.0,873.0
465,,531,84,3,-87.0,872.0
464,,532,84,3,-88.0,872.0
466,,533,85,3,-87.0,871.0
467,,534,85,3,-86.0,869.0
468,,535,86,3,-88.0,868.0
470,,536,86,3,-83.0,867.0
469,,537,86,3,-83.0,865.0
472,,538,87,3,-85.0,865.0
476,,539,87,3,-85.0,864.0
481,,540,88,3,-84.0,862.0
482,,541,88,3,-84.0,861.0
477,,542,89,3,-85.0,859.0
486,,543,89,3,-84.0,858.0
487,,544,90,4,-86.0,857.0
490,,545,90,4,-85.0,856.0
489,,546,91,4,-85.0,855.0
488,,547,91,4,-85.0,853.0
491,,548,91,4,-86.0,852.0
492,,549,92,4,-87.0,851.0
494,,550,92,4,-85.0,850.0
495,,551,93,4,-85.0,848.0
493,,552,93,4,-86.0,847.0
496,,553,94,4,-84.0,845.0
497,,554,94,4,-84.0,843.0
499,,555,95,4,-85.0,843.0
501,,556,95,4,-85.0,842.0
498,,557,96,4,-85.0,840.0
500,,558,96,4,-85.0,839.0
502,,559,96,4,-85.0,838.0
503,,560,97,4,-86.0,836.0
504,,561,97,4,-85.0,835.0
506,,562,98,4,-85.0,834.0
505,,563,98,4,-87.0,833.0
509,,564,99,4,-86.0,831.0
508,,565,99,4,-85.0,830.0
507,,566,100,4,-86.0,829.0
510,,567,100,4,-86.0,827.0
511,,568,101,4,-86.0,825.0
512,,569,101,4,-85.0,825.0
513,,570,102,4,-84.0,823.0
515,,571,102,4,-84.0,821.0
514,,572,102,4,-85.0,820.0
516,,573,103,4,-84.0,819.0
517,,574,103,4,-85.0,817.0
518,,575,104,4,-82.0,816.0
520,,576,104,4,-84.0,815.0
519,,577,105,4,-84.0,813.0
521,,578,105,4,-83.0,812.0
522,,579,106,4,-82.0,811.0
523,,580,106,4,-83.0,810.0
524,,581,107,4,-84.0,808.0
525,,582,107,4,-84.0,807.0
526,,583,108,4,-82.0,806.0
528,,584,108,4,-82.0,804.0
527,,585,109,4,-83.0,802.0
529,,586,109,4,-82.0,802.0
530,,587,109,4,-85.0,801.0
532,,588,110,4,-84.0,799.0
531,,589,110,4,-85.0,798.0
535,,590,111,4,-82.0,797.0
533,,591,111,4,-82.0,795.0
534,,592,112,4,-83.0,795.0
536,,593,112,4,-83.0,795.0
537,,594,113,4,-83.0,793.0
538,,595,113,4,-83.0,792.0
539,,596,114,4,-82.0,791.0
540,,597,114,4,-84.0,790.0
542,,598,115,4,-84.0,787.0
543,,599,115,4,-84.0,788.0
541,,600,116,4,-81.0,787.0
544,,601,116,4,-82.0,785.0
545,,602,117,4,-82.0,784.0
548,,603,117,4,-83.0,783.0
546,,604,118,4,-84.0,782.0
547,,605,118,4,-83.0,781.0
549,,606,118,4,-84.0,780.0
550,,607,119,4,-83.0,779.0
551,,608,119,4,-85.0,777.0
552,,609,120,5,-84.0,777.0
554,,610,120,5,-85.0,776.0
555,,611,121,5,-84.0,775.0
553,,612,121,5,-85.0,774.0
556,,613,122,5,-84.0,773.0
557,,614,122,5,-82.0,772.0
558,,615,123,5,-83.0,771.0
559,,616,123,5,-82.0,769.0
561,,617,124,5,-84.0,769.0
562,,618,124,5,-83.0,769.0
560,,619,125,5,-82.0,766.0
563,,620,125,5,-83.0,765.0
564,,621,126,5,-82.0,765.0
565,,622,126,5,-84.0,763.0
566,,623,127,5,-83.0,763.0
568,,624,127,5,-82.0,762.0
569,,625,128,5,-81.0,761.0
567,,626,128,5,-82.0,760.0
570,,627,129,5,-82.0,759.0
571,,628,129,5,-81.0,759.0
572,,629,130,5,-84.0,759.0
573,,630,130,5,-82.0,757.0
576,,631,131,5,-81.0,756.0
575,,632,131,5,-79.0,755.0
574,,633,132,5,-81.0,754.0
577,,634,132,5,-82.0,753.0
578,,635,133,5,-82.0,754.0
582,,636,133,5,-81.0,752.0
580,,637,134,5,-80.0,752.0
579,,638,134,5,-80.0,751.0
581,,639,135,5,-80.0,750.0
583,,640,135,5,-81.0,750.0
584,,641,136,5,-81.0,749.0
585,,642,136,5,-80.0,749.0
586,,643,137,5,-80.0,748.0
588,,644,137,5,-80.0,748.0
589,,645,138,5,-81.0,746.0
587,,646,138,5,-81.0,746.0
590,,647,139,5,-79.0,746.0
591,,648,139,5,-80.0,746.0
592,,649,140,5,-79.0,745.0
593,,650,140,5,-80.0,743.0
595,,651,141,5,-80.0,743.0
594,,652,141,5,-79.0,745.0
596,,653,142,5,-80.0,744.0
597,,654,142,5,-79.0,742.0
598,,655,143,5,-77.0,741.0
599,,656,143,5,-80.0,740.0
600,,657,144,5,-79.0,739.0
602,,658,144,5,-79.0,739.0
603,,659,145,5,-77.0,738.0
601,,660,145,5,-78.0,735.0
604,,661,146,5,-76.0,735.0
605,,662,146,5,-77.0,735.0
609,,663,147,5,-77.0,734.0
607,,664,147,5,-78.0,732.0
610,,665,148,5,-78.0,735.0
608,,666,148,5,-77.0,736.0
606,,667,149,5,-76.0,736.0
611,,668,150,6,-75.0,734.0
613,,669,150,6,-84.0,735.0
612,,670,151,6,-79.0,737.0
614,,671,151,6,-79.0,740.0
615,,672,152,6,-78.0,739.0
616,,673,152,6,-78.0,738.0
617,,674,153,6,-80.0,739.0
618,,675,153,6,-80.0,740.0
619,,676,154,6,-80.0,738.0
622,,677,154,6,-78.0,737.0
621,,678,155,6,-77.0,739.0
624,,679,155,6,-77.0,738.0
620,,680,156,6,-76.0,740.0
623,,681,156,6,-79.0,738.0
625,,682,157,6,-77.0,739.0
626,,683,158,6,-79.0,741.0
627,,684,158,6,-75.0,741.0
628,,685,159,6,-77.0,740.0
629,,686,159,6,-76.0,738.0
630,,687,160,6,-77.0,739.0
631,,688,160,6,-77.0,741.0
632,,689,161,6,-76.0,742.0
633,,690,161,6,-77.0,741.0
634,,691,162,6,-76.0,741.0
637,,692,162,6,-76.0,742.0
636,,693,163,6,-76.0,741.0
635,,694,164,6,-75.0,740.0
638,,695,164,6,-76.0,741.0
639,,696,165,6,-75.0,743.0
640,,697,165,6,-74.0,743.0
641,,698,166,6,-77.0,743.0
642,,699,166,6,-76.0,744.0
643,,700,167,6,-75.0,745.0
644,,701,167,6,-77.0,745.0
645,,702,168,6,-76.0,745.0
646,,703,169,6,-75.0,747.0
647,,704,169,6,-75.0,747.0
648,,705,170,6,-76.0,746.0
650,,706,170,6,-76.0,748.0
651,,707,171,6,-76.0,749.0
649,,708,171,6,-76.0,749.0
652,,709,172,6,-73.0,750.0
653,,710,172,6,-77.0,751.0
654,,711,173,6,-75.0,751.0
658,,712,174,6,-77.0,752.0
656,,713,174,6,-76.0,754.0
655,,714,175,6,-76.0,754.0
657,,715,175,6,-73.0,755.0
659,,716,176,6,-75.0,755.0
661,,717,176,6,-76.0,756.0
660,,718,177,6,-77.0,757.0
662,,719,178,6,-77.0,758.0
663,,720,178,6,-74.0,760.0
664,,721,179,6,-73.0,761.0
665,,722,179,6,-74.0,760.0
666,,723,180,7,-73.0,761.0
667,,724,181,7,-74.0,763.0
669,,725,181,7,-73.0,764.0
668,,726,182,7,-75.0,766.0
671,,727,182,7,-76.0,766.0
670,,728,183,7,-74.0,766.0
672,,729,183,7,-75.0,768.0
676,,730,184,7,-76.0,770.0
673,,731,185,7,-75.0,771.0
677,,732,185,7,-75.0,773.0
674,,733,186,7,-74.0,773.0
675,,734,186,7,-73.0,776.0
678,,735,187,7,-73.0,776.0
679,,736,188,7,-76.0,776.0
680,,737,188,7,-74.0,777.0
681,,738,189,7,-75.0,778.0
682,,739,189,7,-77.0,779.0
685,,740,190,7,-76.0,782.0
683,,741,191,7,-70.0,784.0
684,,742,191,7,-72.0,784.0
686,,743,192,7,-72.0,786.0
687,,744,192,7,-75.0,786.0
689,,745,193,7,-74.0,787.0
688,,746,194,7,-76.0,788.0
691,,747,194,7,-73.0,789.0
690,,748,195,7,-71.0,791.0
692,,749,195,7,-73.0,794.0
693,,750,196,7,-72.0,796.0
695,,751,197,7,-72.0,797.0
694,,752,197,7,-71.0,798.0
698,,753,198,7,-73.0,800.0
696,,754,198,7,-73.0,802.0
697,,755,199,7,-74.0,806.0
699,,756,200,7,-73.0,806.0
700,,757,200,7,-73.0,807.0
701,,758,201,7,-71.0,810.0
702,,759,201,7,-77.0,809.0
704,,760,202,7,-70.0,810.0
705,,761,203,7,-72.0,814.0
703,,762,203,7,-75.0,814.0
706,,763,204,7,-78.0,817.0
707,,764,205,7,-73.0,821.0
708,,765,205,7,-73.0,820.0
709,,766,206,7,-70.0,824.0
710,,767,206,7,-71.0,824.0
712,,768,207,7,-73.0,826.0
711,,769,208,7,-73.0,829.0
713,,770,208,7,-70.0,829.0
714,,771,209,7,-71.0,836.0
715,,772,210,8,-71.0,835.0
716,,773,210,8,-70.0,838.0
719,,774,211,8,-73.0,838.0
717,,775,211,8,-71.0,838.0
718,,776,212,8,-72.0,841.0
720,,777,213,8,-72.0,841.0
721,,778,213,8,-70.0,846.0
722,,779,214,8,-71.0,845.0
723,,780,215,8,-72.0,852.0
725,,781,215,8,-74.0,849.0
724,,782,216,8,-71.0,854.0
727,,783,216,8,-69.0,853.0
726,,784,217,8,-69.0,857.0
728,,785,218,8,-74.0,858.0
729,,786,218,8,-74.0,861.0
732,,787,219,8,-73.0,860.0
731,,788,220,8,-68.0,862.0
730,,789,220,8,-68.0,862.0
733,,790,221,8,-68.0,864.0
734,,791,222,8,-70.0,867.0
735,,792,222,8,-71.0,873.0
736,,793,223,8,-71.0,877.0
739,,794,223,8,-68.0,874.0
738,,795,224,8,-68.0,875.0
737,,796,225,8,-65.0,877.0
740,,797,225,8,-65.0,879.0
741,,798,226,8,-67.0,883.0
743,,799,227,8,-70.0,884.0
742,,800,227,8,-67.0,884.0
746,,801,228,8,-70.0,884.0
745,,802,229,8,-69.0,887.0
744,,803,229,8,-69.0,888.0
747,,804,230,8,-73.0,891.0
748,,805,231,8,-70.0,893.0
750,,806,231,8,-69.0,893.0
749,,807,232,8,-71.0,892.0
752,,808,232,8,-67.0,893.0
753,,809,233,8,-70.0,895.0
751,,810,234,8,-69.0,897.0
754,,811,234,8,-71.0,900.0
755,,812,235,8,-75.0,902.0
756,,813,236,8,-67.0,904.0
757,,814,236,8,-68.0,902.0
759,,815,237,8,-69.0,905.0
758,,816,238,8,-74.0,909.0
761,,817,238,8,-69.0,913.0
760,,818,239,8,-68.0,914.0
763,,819,240,9,-71.0,913.0
765,,820,240,9,-68.0,910.0
762,,821,241,9,-68.0,910.0
764,,822,242,9,-71.0,911.0
766,,823,242,9,-69.0,912.0
768,,824,243,9,-67.0,914.0
767,,825,243,9,-67.0,914.0
770,,826,244,9,-68.0,914.0
769,,827,245,9,-68.0,911.0
771,,828,245,9,-71.0,914.0
773,,829,246,9,-71.0,914.0
772,,830,247,9,-68.0,918.0
774,,831,247,9,-68.0,920.0
775,,832,248,9,-68.0,924.0
776,,833,249,9,-69.0,923.0
777,,834,249,9,-68.0,918.0
780,,835,250,9,-69.0,917.0
778,,836,251,9,-69.0,916.0
779,,837,251,9,-69.0,916.0
782,,838,252,9,-69.0,917.0
781,,839,253,9,-70.0,917.0
783,,840,253,9,-74.0,913.0
784,,841,254,9,-75.0,914.0
790,,842,255,9,-69.0,914.0
793,,843,255,9,-69.0,916.0
788,,844,256,9,-68.0,917.0
786,,845,257,9,-73.0,920.0
785,,846,257,9,-74.0,925.0
791,,847,258,9,-69.0,918.0
792,,848,258,9,-69.0,918.0
787,,849,259,9,-69.0,918.0
789,,850,260,9,-68.0,918.0
794,,851,260,9,-68.0,919.0
797,,852,261,9,-73.0,916.0
796,,853,262,9,-67.0,913.0
798,,854,262,9,-66.0,910.0
799,,855,263,9,-69.0,912.0
795,,856,264,9,-68.0,912.0
801,,857,264,9,-76.0,911.0
800,,858,265,9,-73.0,913.0
802,,859,266,9,-72.0,915.0
803,,860,266,9,-69.0,916.0
804,,861,267,9,-70.0,917.0
807,,862,268,9,-70.0,917.0
805,,863,268,9,-72.0,916.0
806,,864,269,9,-70.0,914.0
808,,865,270,10,-70.0,913.0
809,,866,270,10,-71.0,911.0
810,,867,271,10,-71.0,910.0
811,,868,271,10,-71.0,908.0
812,,869,272,10,-72.0,906.0
813,,870,273,10,-74.0,909.0
814,,871,273,10,-70.0,903.0
815,,872,274,10,-72.0,902.0
817,,881,280,10,-73.0,899.0
818,,882,280,10,-76.0,901.0
820,,883,281,10,-74.0,897.0
821,,884,282,10,-71.0,897.0
819,,885,282,10,-71.0,895.0
823,,886,283,10,-73.0,894.0
822,,887,284,10,-73.0,897.0
824,,888,284,10,-70.0,896.0
825,,889,285,10,-70.0,895.0
826,,890,286,10,-72.0,892.0
827,,891,286,10,-72.0,892.0
828,,892,287,10,-71.0,892.0
829,,893,287,10,-72.0,890.0
830,,894,288,10,-75.0,891.0
831,,895,289,10,-72.0,889.0
833,,896,289,10,-70.0,888.0
832,,897,290,10,-72.0,884.0
834,,898,291,10,-72.0,883.0
835,,899,291,10,-75.0,881.0
836,,900,292,10,-70.0,883.0
837,,901,292,10,-71.0,885.0
838,,902,293,10,-68.0,883.0
839,,903,294,10,-71.0,882.0
841,,904,294,10,-71.0,878.0
840,,905,295,10,-71.0,880.0
843,,906,296,10,-76.0,878.0
842,,907,296,10,-75.0,879.0
844,,908,297,10,-71.0,883.0
845,,909,297,10,-70.0,878.0
847,,910,298,10,-73.0,878.0
846,,911,299,10,-70.0,874.0
849,,912,299,10,-75.0,875.0
848,,913,300,11,-71.0,871.0
850,,914,300,11,-71.0,874.0
851,,915,301,11,-71.0,878.0
852,,916,302,11,-71.0,872.0
854,,917,302,11,-76.0,871.0
853,,918,303,11,-71.0,867.0
855,,919,304,11,-74.0,870.0
856,,920,304,11,-72.0,868.0
857,,921,305,11,-70.0,867.0
858,,922,305,11,-73.0,870.0
859,,923,306,11,-72.0,867.0
861,,924,307,11,-74.0,867.0
860,,925,307,11,-71.0,862.0
862,,926,308,11,-76.0,864.0
863,,927,308,11,-76.0,862.0
864,,928,309,11,-72.0,862.0
865,,929,310,11,-75.0,866.0
868,,930,310,11,-75.0,865.0
867,,931,311,11,-69.0,864.0
866,,932,311,11,-71.0,859.0
869,,933,312,11,-71.0,863.0
870,,934,313,11,-73.0,858.0
872,,935,313,11,-75.0,862.0
871,,936,314,11,-72.0,865.0
874,,937,314,11,-73.0,863.0
876,,940,316,11,-73.0,861.0
875,,941,317,11,-74.0,857.0
880,,942,317,11,-74.0,857.0
877,,943,318,11,-73.0,854.0
878,,944,318,11,-70.0,852.0
881,,945,319,11,-72.0,851.0
879,,946,320,11,-77.0,850.0
882,,947,320,11,-70.0,853.0
883,,948,321,11,-73.0,854.0
884,,949,321,11,-72.0,851.0
885,,950,322,11,-73.0,850.0
888,,951,323,11,-75.0,849.0
886,,952,323,11,-69.0,847.0
887,,953,324,11,-71.0,847.0
889,,954,324,11,-73.0,847.0
892,,958,327,11,-74.0,848.0
891,,959,327,11,-78.0,846.0
893,,960,328,11,-76.0,846.0
895,,961,328,11,-71.0,849.0
894,,962,329,11,-73.0,845.0
896,,963,329,11,-71.0,850.0
897,,964,330,12,-72.0,847.0
898,,965,331,12,-75.0,847.0
900,,966,331,12,-73.0,850.0
899,,967,332,12,-74.0,844.0
901,,968,332,12,-71.0,848.0
902,,969,333,12,-72.0,844.0
903,,970,333,12,-71.0,849.0
906,,971,334,12,-71.0,848.0
904,,972,334,12,-73.0,847.0
905,,973,335,12,-72.0,844.0
907,,974,336,12,-73.0,842.0
908,,975,336,12,-73.0,843.0
909,,976,337,12,-75.0,842.0
910,,977,337,12,-75.0,841.0
913,,978,338,12,-73.0,842.0
912,,979,338,12,-79.0,841.0
911,,980,339,12,-73.0,840.0
914,,981,339,12,-73.0,841.0
917,,982,340,12,-74.0,840.0
916,,983,340,12,-76.0,840.0
915,,984,341,12,-74.0,840.0
918,,985,342,12,-78.0,840.0
919,,986,342,12,-74.0,840.0
920,,987,343,12,-74.0,839.0
922,,988,343,12,-75.0,840.0
921,,989,344,12,-74.0,841.0
923,,990,344,12,-76.0,839.0
926,,991,345,12,-73.0,840.0
924,,992,345,12,-73.0,842.0
927,,993,346,12,-73.0,840.0
925,,994,346,12,-79.0,842.0
929,,995,347,12,-74.0,842.0
928,,996,348,12,-72.0,842.0
930,,997,348,12,-74.0,843.0
931,,998,349,12,-73.0,842.0
932,,1000,350,12,-74.0,841.0
933,,1001,350,12,-79.0,843.0
936,,1002,351,12,-77.0,844.0
934,,1003,351,12,-74.0,843.0
935,,1004,352,12,-74.0,842.0
939,,1005,352,12,-75.0,843.0
941,,1006,353,12,-78.0,844.0
937,,1007,353,12,-79.0,845.0
940,,1008,354,12,-79.0,844.0
946,,1009,354,12,-75.0,845.0
947,,1010,355,12,-74.0,846.0
948,,1011,355,12,-78.0,845.0
949,,1012,356,12,-81.0,846.0
953,,1013,356,12,-80.0,846.0
950,,1014,357,12,-77.0,846.0
951,,1015,357,12,-75.0,847.0
952,,1016,358,12,-76.0,847.0
955,,1017,359,12,-78.0,850.0
956,,1018,359,12,-79.0,850.0
954,,1019,0,1,-81.0,849.0
938,,1020,0,1,-63.0,832.0
942,,1021,1,1,-76.0,850.0
944,,1022,1,1,-75.0,852.0
943,,1023,2,1,-76.0,851.0
945,,1024,2,1,-76.0,851.0
958,,1025,3,1,-74.0,851.0
957,,1026,3,1,-78.0,851.0
960,,1028,4,1,-75.0,853.0
959,,1029,5,1,-75.0,856.0
961,,1030,5,1,-77.0,855.0
963,,1031,6,1,-76.0,854.0
962,,1032,6,1,-74.0,854.0
965,,1033,7,1,-77.0,856.0
964,,1034,7,1,-76.0,859.0
966,,1035,8,1,-77.0,857.0
967,,1036,8,1,-76.0,856.0
968,,1037,9,1,-80.0,856.0
969,,1038,9,1,-76.0,858.0
970,,1039,10,1,-77.0,857.0
972,,1040,10,1,-77.0,858.0
971,,1041,11,1,-77.0,859.0
973,,1042,11,1,-76.0,859.0
974,,1043,12,1,-77.0,860.0
975,,1044,12,1,-79.0,860.0
978,,1045,13,1,-80.0,861.0
979,,1046,13,1,-77.0,862.0
977,,1047,14,1,-77.0,863.0
976,,1048,14,1,-78.0,864.0
980,,1049,15,1,-75.0,864.0
981,,1050,15,1,-76.0,863.0
983,,1051,16,1,-76.0,864.0
982,,1052,16,1,-78.0,865.0
984,,1053,17,1,-79.0,865.0
985,,1054,17,1,-77.0,867.0
987,,1055,17,1,-77.0,868.0
986,,1056,18,1,-76.0,868.0
988,,1057,18,1,-78.0,867.0
989,,1058,19,1,-78.0,868.0
990,,1059,19,1,-78.0,870.0
992,,1060,20,1,-78.0,870.0
993,,1061,20,1,-77.0,871.0
991,,1062,21,1,-77.0,871.0
994,,1063,21,1,-79.0,871.0
996,,1064,22,1,-77.0,871.0
995,,1065,22,1,-78.0,873.0
997,,1066,23,1,-78.0,875.0
998,,1067,23,1,-79.0,875.0
1000,,1068,24,1,-76.0,874.0
999,,1069,24,1,-77.0,876.0
1001,,1070,25,1,-80.0,877.0
1002,,1071,25,1,-78.0,878.0
1003,,1072,26,1,-78.0,879.0
1004,,1073,26,1,-82.0,879.0
1005,,1074,27,1,-77.0,878.0
1006,,1075,27,1,-77.0,879.0
1007,,1076,28,1,-81.0,880.0
1008,,1077,28,1,-79.0,880.0
1009,,1078,29,1,-80.0,881.0
1010,,1079,29,1,-80.0,882.0
1013,,1080,29,1,-77.0,882.0
1011,,1081,30,2,-77.0,882.0
1012,,1082,30,2,-79.0,882.0
1014,,1083,31,2,-80.0,883.0
1015,,1084,31,2,-78.0,885.0
1017,,1085,32,2,-79.0,886.0
1016,,1086,32,2,-77.0,885.0
1019,,1087,33,2,-78.0,885.0
1020,,1088,33,2,-77.0,885.0
1018,,1089,34,2,-76.0,885.0
1021,,1090,34,2,-78.0,886.0
1022,,1091,35,2,-77.0,886.0
1023,,1092,35,2,-79.0,886.0
1024,,1093,36,2,-77.0,887.0
1026,,1094,36,2,-80.0,888.0
1027,,1095,36,2,-79.0,888.0
1025,,1096,37,2,-79.0,888.0
1028,,1097,37,2,-78.0,889.0
1029,,1098,38,2,-77.0,890.0
1030,,1099,38,2,-78.0,891.0
1031,,1100,39,2,-79.0,890.0
1034,,1101,39,2,-80.0,891.0
1032,,1102,40,2,-84.0,892.0
1033,,1103,40,2,-81.0,893.0
1035,,1104,41,2,-79.0,893.0
1036,,1105,41,2,-78.0,892.0
1037,,1106,42,2,-82.0,893.0
1040,,1107,42,2,-79.0,893.0
1038,,1108,42,2,-78.0,895.0
1039,,1109,43,2,-82.0,895.0
1041,,1110,43,2,-81.0,895.0
1042,,1111,44,2,-79.0,896.0
1043,,1112,44,2,-80.0,895.0
1044,,1113,45,2,-79.0,895.0
1045,,1114,45,2,-79.0,896.0
1047,,1115,46,2,-80.0,897.0
1046,,1116,46,2,-79.0,898.0
1048,,1117,47,2,-79.0,898.0
1049,,1118,47,2,-80.0,898.0
1050,,1119,48,2,-81.0,899.0
1051,,1120,48,2,-80.0,900.0
1052,,1121,48,2,-81.0,901.0
1053,,1122,49,2,-79.0,901.0
1054,,1123,49,2,-79.0,900.0
1055,,1124,50,2,-80.0,900.0
1056,,1125,50,2,-79.0,900.0
1057,,1126,51,2,-79.0,901.0
1058,,1127,51,2,-80.0,901.0
1059,,1128,52,2,-79.0,902.0
1060,,1129,52,2,-80.0,902.0
1061,,1130,53,2,-81.0,902.0
1062,,1131,53,2,-81.0,902.0
1063,,1132,53,2,-82.0,902.0
1064,,1133,54,2,-82.0,902.0
1065,,1134,54,2,-80.0,902.0
1069,,1135,55,2,-81.0,901.0
1066,,1136,55,2,-82.0,901.0
1068,,1137,56,2,-81.0,901.0
1067,,1138,56,2,-82.0,901.0
1070,,1139,57,2,-80.0,901.0
1071,,1140,57,2,-81.0,901.0
1072,,1141,57,2,-82.0,902.0
1073,,1142,58,2,-82.0,902.0
1074,,1143,58,2,-82.0,901.0
1075,,1144,59,2,-82.0,902.0
1076,,1145,59,2,-82.0,903.0
1077,,1146,60,3,-82.0,902.0
1078,,1147,60,3,-80.0,901.0
1080,,1148,61,3,-80.0,901.0
1079,,1149,61,3,-81.0,902.0
1081,,1150,62,3,-82.0,902.0
1082,,1151,62,3,-82.0,901.0
1086,,1152,62,3,-80.0,901.0
1083,,1153,63,3,-82.0,900.0
1088,,1154,63,3,-84.0,900.0
1084,,1155,64,3,-84.0,900.0
1085,,1156,64,3,-84.0,900.0
1087,,1157,65,3,-82.0,900.0
1089,,1158,65,3,-82.0,898.0
1090,,1159,66,3,-82.0,898.0
1091,,1160,66,3,-80.0,899.0
1092,,1161,66,3,-83.0,898.0
1093,,1162,67,3,-84.0,897.0
1094,,1163,67,3,-86.0,896.0
1095,,1164,68,3,-86.0,896.0
1096,,1165,68,3,-84.0,897.0
1097,,1166,69,3,-84.0,895.0
1098,,1167,69,3,-84.0,894.0
1102,,1168,70,3,-84.0,894.0
1100,,1169,70,3,-89.0,894.0
1101,,1170,71,3,-85.0,893.0
1099,,1171,71,3,-87.0,892.0
1104,,1172,71,3,-87.0,892.0
1103,,1173,72,3,-87.0,892.0
1105,,1174,72,3,-85.0,891.0
1106,,1175,73,3,-85.0,890.0
1107,,1176,73,3,-84.0,890.0
1108,,1177,74,3,-84.0,888.0
1109,,1178,74,3,-86.0,888.0
1110,,1179,75,3,-85.0,887.0
1111,,1180,75,3,-86.0,886.0
1112,,1181,75,3,-86.0,885.0
1114,,1182,76,3,-85.0,884.0
1113,,1183,76,3,-86.0,883.0
1115,,1184,77,3,-85.0,882.0
1116,,1185,77,3,-84.0,881.0
1117,,1186,78,3,-86.0,881.0
1118,,1187,78,3,-84.0,881.0
1119,,1188,79,3,-90.0,881.0
1120,,1189,79,3,-87.0,879.0
1121,,1190,79,3,-87.0,877.0
1122,,1191,80,3,-87.0,876.0
1123,,1192,80,3,-86.0,876.0
1124,,1193,81,3,-84.0,875.0
1125,,1194,81,3,-84.0,873.0
1126,,1195,82,3,-86.0,872.0
1129,,1196,82,3,-86.0,871.0
1127,,1197,83,3,-85.0,869.0
1128,,1198,83,3,-86.0,868.0
1130,,1199,84,3,-86.0,868.0
1131,,1200,84,3,-84.0,866.0
1132,,1201,84,3,-85.0,866.0
1133,,1202,85,3,-85.0,864.0
1136,,1203,85,3,-85.0,863.0
1135,,1204,86,3,-84.0,862.0
1134,,1205,86,3,-86.0,861.0
1137,,1206,87,3,-85.0,859.0
1138,,1207,87,3,-85.0,858.0
1139,,1208,88,3,-85.0,857.0
1141,,1209,88,3,-85.0,855.0
1140,,1210,88,3,-85.0,854.0
1142,,1211,89,3,-83.0,853.0
1143,,1212,89,3,-86.0,851.0
1145,,1213,90,4,-84.0,851.0
1144,,1214,90,4,-85.0,849.0
1146,,1215,91,4,-85.0,848.0
1147,,1216,91,4,-86.0,847.0
1148,,1217,92,4,-88.0,846.0
1149,,1218,92,4,-86.0,845.0
1150,,1219,93,4,-87.0,844.0
1151,,1220,93,4,-87.0,842.0
1152,,1221,93,4,-87.0,841.0
1153,,1222,94,4,-87.0,840.0
1155,,1223,94,4,-88.0,839.0
1154,,1224,95,4,-88.0,837.0
1156,,1225,95,4,-87.0,836.0
1157,,1226,96,4,-87.0,835.0
1158,,1227,96,4,-88.0,833.0
1159,,1228,97,4,-88.0,832.0
1160,,1229,97,4,-88.0,831.0
1161,,1230,98,4,-88.0,830.0
1162,,1231,98,4,-88.0,828.0
1163,,1232,99,4,-88.0,827.0
1164,,1233,99,4,-88.0,826.0
1166,,1234,99,4,-88.0,824.0
1165,,1235,100,4,-88.0,824.0
1170,,1236,100,4,-87.0,822.0
1169,,1237,101,4,-88.0,820.0
1167,,1238,101,4,-87.0,819.0
1168,,1239,102,4,-89.0,818.0
1171,,1240,102,4,-87.0,816.0
1172,,1241,103,4,-87.0,816.0
1173,,1242,103,4,-87.0,815.0
1174,,1243,104,4,-86.0,814.0
1175,,1244,104,4,-85.0,812.0
1176,,1245,105,4,-86.0,811.0
1178,,1246,105,4,-85.0,810.0
1177,,1247,105,4,-85.0,809.0
1179,,1248,106,4,-86.0,807.0
1180,,1249,106,4,-85.0,806.0
1182,,1250,107,4,-85.0,804.0
1185,,1251,107,4,-85.0,803.0
1184,,1252,108,4,-85.0,802.0
1181,,1253,108,4,-85.0,800.0
1183,,1254,109,4,-84.0,799.0
1187,,1255,109,4,-84.0,798.0
1186,,1256,110,4,-84.0,797.0
1188,,1257,110,4,-84.0,794.0
1189,,1258,111,4,-83.0,794.0
1190,,1259,111,4,-84.0,794.0
1191,,1260,112,4,-83.0,792.0
1192,,1261,112,4,-81.0,790.0
1193,,1262,112,4,-81.0,790.0
1194,,1263,113,4,-84.0,788.0
1195,,1264,113,4,-84.0,787.0
1197,,1265,114,4,-81.0,787.0
1196,,1266,114,4,-82.0,787.0
1198,,1267,115,4,-83.0,786.0
1199,,1268,115,4,-83.0,784.0
1201,,1269,116,4,-83.0,782.0
1200,,1270,116,4,-82.0,782.0
1202,,1271,117,4,-84.0,781.0
1203,,1272,117,4,-81.0,780.0
1204,,1273,118,4,-79.0,778.0
1205,,1274,118,4,-82.0,777.0
1206,,1275,119,4,-82.0,775.0
1207,,1276,119,4,-83.0,774.0
1208,,1277,120,5,-84.0,774.0
1210,,1278,120,5,-83.0,773.0
1209,,1279,121,5,-83.0,772.0
1211,,1280,121,5,-84.0,771.0
1212,,1281,122,5,-83.0,769.0
1213,,1282,122,5,-81.0,768.0
1214,,1283,123,5,-82.0,767.0
1216,,1284,123,5,-80.0,767.0
1217,,1285,123,5,-80.0,766.0
1215,,1286,124,5,-80.0,765.0
1218,,1287,124,5,-80.0,764.0
1219,,1288,125,5,-80.0,763.0
1220,,1291,126,5,-80.0,760.0
1222,,1292,127,5,-81.0,760.0
1221,,1293,127,5,-81.0,758.0
1223,,1294,128,5,-79.0,758.0
1224,,1295,128,5,-79.0,757.0
1226,,1296,129,5,-79.0,756.0
1225,,1297,129,5,-80.0,755.0
1229,,1298,130,5,-79.0,755.0
1228,,1299,130,5,-80.0,753.0
1227,,1300,131,5,-79.0,752.0
1230,,1301,131,5,-78.0,752.0
1231,,1302,132,5,-80.0,751.0
1232,,1303,132,5,-78.0,751.0
1233,,1304,133,5,-80.0,750.0
1235,,1305,133,5,-80.0,749.0
1234,,1306,134,5,-79.0,748.0
1236,,1307,134,5,-80.0,748.0
1237,,1308,135,5,-81.0,748.0
1238,,1309,135,5,-81.0,747.0
1239,,1310,136,5,-76.0,745.0
1240,,1311,136,5,-78.0,745.0
1243,,1312,137,5,-77.0,745.0
1241,,1313,137,5,-77.0,745.0
1242,,1314,138,5,-78.0,744.0
1244,,1315,138,5,-77.0,744.0
1245,,1316,139,5,-80.0,744.0
1246,,1317,139,5,-80.0,743.0
1247,,1318,140,5,-80.0,743.0
1248,,1319,140,5,-78.0,742.0
1250,,1320,141,5,-77.0,741.0
1249,,1321,141,5,-77.0,740.0
1251,,1322,142,5,-78.0,740.0
1252,,1323,142,5,-77.0,738.0
1253,,1324,143,5,-78.0,738.0
1256,,1325,144,5,-78.0,738.0
1254,,1326,144,5,-77.0,738.0
1255,,1327,145,5,-76.0,736.0
1257,,1328,145,5,-77.0,735.0
1258,,1329,146,5,-74.0,735.0
1259,,1330,146,5,-78.0,734.0
1260,,1331,147,5,-76.0,734.0
1262,,1332,147,5,-78.0,734.0
1263,,1333,148,5,-76.0,733.0
1261,,1334,148,5,-77.0,732.0
1264,,1335,149,5,-77.0,732.0
1265,,1336,149,5,-75.0,732.0
1266,,1337,150,6,-76.0,734.0
1267,,1338,150,6,-75.0,734.0
1268,,1339,151,6,-77.0,733.0
1269,,1340,151,6,-76.0,734.0
1270,,1341,152,6,-76.0,735.0
1271,,1342,152,6,-80.0,735.0
1272,,1343,153,6,-74.0,735.0
1273,,1344,153,6,-75.0,734.0
1276,,1345,154,6,-75.0,735.0
1274,,1346,155,6,-75.0,737.0
1277,,1347,155,6,-75.0,736.0
1275,,1348,156,6,-76.0,735.0
1278,,1349,156,6,-73.0,737.0
1279,,1350,157,6,-73.0,738.0
1280,,1351,157,6,-72.0,739.0
1283,,1352,158,6,-73.0,736.0
1281,,1353,158,6,-76.0,737.0
1282,,1354,159,6,-75.0,739.0
1284,,1355,159,6,-75.0,740.0
1286,,1356,160,6,-74.0,739.0
1285,,1357,160,6,-72.0,738.0
1287,,1358,161,6,-74.0,738.0
1288,,1359,162,6,-76.0,739.0
1289,,1360,162,6,-76.0,739.0
1290,,1361,163,6,-75.0,739.0
1291,,1362,163,6,-74.0,739.0
1292,,1363,164,6,-75.0,740.0
1293,,1364,164,6,-74.0,740.0
1294,,1365,165,6,-74.0,739.0
1295,,1366,165,6,-75.0,740.0
1296,,1367,166,6,-74.0,743.0
1297,,1368,167,6,-74.0,743.0
1299,,1369,167,6,-73.0,742.0
1298,,1370,168,6,-74.0,744.0
1301,,1371,168,6,-75.0,746.0
1300,,1372,169,6,-74.0,745.0
1303,,1373,169,6,-74.0,746.0
1302,,1374,170,6,-75.0,748.0
1304,,1375,170,6,-73.0,749.0
1305,,1376,171,6,-75.0,749.0
1306,,1377,172,6,-76.0,749.0
1308,,1378,172,6,-76.0,751.0
1307,,1379,173,6,-77.0,751.0
1311,,1380,173,6,-74.0,751.0
1309,,1381,174,6,-73.0,751.0
1310,,1382,174,6,-76.0,752.0
1312,,1383,175,6,-73.0,752.0
1313,,1384,176,6,-74.0,753.0
1314,,1385,176,6,-75.0,755.0
1315,,1386,177,6,-74.0,755.0
1316,,1387,177,6,-74.0,755.0
1317,,1388,178,6,-73.0,756.0
1318,,1398,184,7,-66.0,751.0
1319,,1399,184,7,-73.0,770.0
1322,,1400,185,7,-73.0,770.0
1321,,1401,185,7,-73.0,770.0
1320,,1402,186,7,-75.0,771.0
1323,,1403,187,7,-75.0,771.0
1324,,1404,187,7,-75.0,774.0
1325,,1405,188,7,-75.0,775.0
1328,,1406,188,7,-76.0,775.0
1329,,1407,189,7,-74.0,779.0
1327,,1408,190,7,-75.0,779.0
1326,,1409,190,7,-74.0,781.0
1330,,1410,191,7,-72.0,782.0
1331,,1411,191,7,-72.0,782.0
1333,,1412,192,7,-78.0,784.0
1332,,1413,193,7,-72.0,784.0
1336,,1414,193,7,-73.0,785.0
1334,,1415,194,7,-72.0,787.0
1335,,1416,194,7,-72.0,791.0
1337,,1417,195,7,-70.0,791.0
1338,,1418,196,7,-73.0,793.0
1339,,1419,196,7,-73.0,793.0
1340,,1420,197,7,-71.0,793.0
1343,,1421,197,7,-72.0,797.0
1342,,1422,198,7,-72.0,798.0
1341,,1423,199,7,-71.0,800.0
1344,,1424,199,7,-72.0,803.0
1345,,1425,200,7,-72.0,804.0
1346,,1426,200,7,-71.0,803.0
1347,,1427,201,7,-72.0,807.0
1348,,1428,202,7,-72.0,808.0
1349,,1429,202,7,-70.0,810.0
1351,,1430,203,7,-69.0,810.0
1350,,1431,204,7,-69.0,811.0
1352,,1432,204,7,-71.0,813.0
1353,,1433,205,7,-70.0,818.0
1356,,1434,205,7,-70.0,818.0
1355,,1435,206,7,-71.0,823.0
1354,,1436,207,7,-72.0,825.0
1357,,1437,207,7,-71.0,821.0
1358,,1438,208,7,-68.0,823.0
1360,,1439,208,7,-71.0,828.0
1359,,1440,209,7,-70.0,828.0
1361,,1441,210,8,-74.0,828.0
1362,,1442,210,8,-68.0,829.0
1363,,1443,211,8,-69.0,831.0
1364,,1444,212,8,-69.0,833.0
1365,,1445,212,8,-69.0,836.0
1366,,1446,213,8,-70.0,841.0
1367,,1447,214,8,-74.0,841.0
1369,,1448,214,8,-69.0,841.0
1368,,1449,215,8,-71.0,841.0
1370,,1450,215,8,-69.0,842.0
1371,,1451,216,8,-71.0,842.0
1373,,1452,217,8,-74.0,845.0
1372,,1453,217,8,-73.0,850.0
1374,,1454,218,8,-69.0,854.0
1377,,1455,219,8,-70.0,858.0
1376,,1456,219,8,-69.0,859.0
1375,,1457,220,8,-69.0,860.0
1378,,1458,220,8,-69.0,859.0
1379,,1459,221,8,-71.0,861.0
1380,,1460,222,8,-70.0,865.0
1382,,1461,222,8,-69.0,870.0
1381,,1462,223,8,-68.0,871.0
1383,,1463,224,8,-68.0,871.0
1384,,1464,224,8,-71.0,871.0
1385,,1465,225,8,-68.0,870.0
1386,,1466,226,8,-67.0,873.0
1387,,1467,226,8,-69.0,877.0
1388,,1468,227,8,-70.0,879.0
1389,,1469,228,8,-72.0,881.0
1391,,1470,228,8,-70.0,879.0
1392,,1471,229,8,-71.0,880.0
1390,,1472,229,8,-68.0,879.0
1393,,1473,230,8,-67.0,881.0
1394,,1474,231,8,-68.0,889.0
1396,,1475,231,8,-72.0,890.0
1395,,1476,232,8,-69.0,888.0
1397,,1477,233,8,-72.0,888.0
1399,,1478,233,8,-68.0,887.0
1398,,1479,234,8,-66.0,890.0
1400,,1480,235,8,-68.0,893.0
1401,,1481,235,8,-70.0,893.0
1403,,1482,236,8,-68.0,893.0
1402,,1483,237,8,-68.0,892.0
1404,,1484,237,8,-68.0,895.0
1405,,1485,238,8,-71.0,899.0
1406,,1486,239,8,-71.0,901.0
1407,,1487,239,8,-68.0,901.0
1408,,1488,240,9,-69.0,902.0
1410,,1489,240,9,-68.0,903.0
1411,,1490,241,9,-66.0,904.0
1409,,1491,242,9,-69.0,906.0
1412,,1492,242,9,-68.0,910.0
1413,,1493,243,9,-70.0,905.0
1414,,1494,244,9,-70.0,904.0
1416,,1495,244,9,-71.0,903.0
1415,,1496,245,9,-72.0,906.0
1417,,1497,246,9,-68.0,909.0
1418,,1498,246,9,-68.0,907.0
1419,,1499,247,9,-69.0,903.0
1420,,1500,248,9,-70.0,903.0
1421,,1501,248,9,-69.0,903.0
1422,,1502,249,9,-69.0,907.0
1424,,1503,250,9,-70.0,909.0
1423,,1504,250,9,-69.0,910.0
1425,,1505,251,9,-69.0,906.0
1426,,1506,252,9,-71.0,907.0
1427,,1507,252,9,-70.0,907.0
1428,,1508,253,9,-70.0,907.0
1430,,1509,254,9,-70.0,910.0
1431,,1510,254,9,-70.0,908.0
1429,,1511,255,9,-77.0,908.0
1432,,1512,255,9,-78.0,906.0
1433,,1513,256,9,-74.0,907.0
1434,,1514,257,9,-73.0,906.0
1435,,1515,257,9,-76.0,906.0
1436,,1516,258,9,-71.0,909.0
1437,,1517,259,9,-76.0,911.0
1438,,1518,259,9,-78.0,909.0
1440,,1519,260,9,-72.0,906.0
1439,,1520,261,9,-73.0,905.0
1441,,1521,261,9,-71.0,905.0
1442,,1522,262,9,-71.0,905.0
1443,,1523,263,9,-77.0,905.0
1444,,1524,263,9,-76.0,904.0
1445,,1525,264,9,-74.0,902.0
1446,,1526,265,9,-72.0,900.0
1449,,1527,265,9,-71.0,900.0
1450,,1528,266,9,-72.0,898.0
1451,,1529,267,9,-73.0,900.0
1452,,1530,267,9,-71.0,899.0
1447,,1531,268,9,-76.0,900.0
1448,,1532,268,9,-72.0,900.0
1453,,1533,269,9,-72.0,896.0
1454,,1534,270,10,-73.0,898.0
1455,,1535,270,10,-73.0,900.0
1456,,1536,271,10,-71.0,901.0
1458,,1537,272,10,-74.0,900.0
1457,,1538,272,10,-73.0,898.0
1459,,1539,273,10,-74.0,896.0
1460,,1540,274,10,-72.0,896.0
1461,,1541,274,10,-76.0,895.0
1462,,1542,275,10,-73.0,895.0
1464,,1543,276,10,-74.0,896.0
1463,,1544,276,10,-71.0,894.0
1465,,1545,277,10,-73.0,891.0
1467,,1546,277,10,-73.0,889.0
1466,,1547,278,10,-75.0,887.0
1468,,1548,279,10,-76.0,887.0
1469,,1549,279,10,-76.0,887.0
1472,,1550,280,10,-71.0,888.0
1471,,1551,281,10,-71.0,886.0
1470,,1552,281,10,-74.0,886.0
1474,,1553,282,10,-77.0,884.0
1473,,1554,283,10,-70.0,882.0
1477,,1555,283,10,-71.0,883.0
1478,,1556,284,10,-72.0,883.0
1475,,1557,284,10,-70.0,883.0
1476,,1558,285,10,-72.0,880.0
1484,,1559,286,10,-76.0,879.0
1482,,1560,286,10,-76.0,877.0
1485,,1561,287,10,-77.0,877.0
1479,,1562,288,10,-73.0,877.0
1483,,1563,288,10,-75.0,879.0
1481,,1564,289,10,-70.0,877.0
1480,,1565,290,10,-72.0,874.0
1487,,1566,290,10,-76.0,876.0
1486,,1567,291,10,-70.0,872.0
1488,,1568,291,10,-71.0,876.0
1492,,1569,292,10,-70.0,873.0
1491,,1570,293,10,-71.0,873.0
1490,,1571,293,10,-70.0,873.0
1489,,1572,294,10,-81.0,869.0
1493,,1573,295,10,-74.0,872.0
1495,,1574,295,10,-72.0,868.0
1494,,1575,296,10,-73.0,871.0
1496,,1576,296,10,-72.0,869.0
1498,,1577,297,10,-72.0,866.0
1499,,1578,298,10,-74.0,868.0
1500,,1579,298,10,-73.0,862.0
1497,,1580,299,10,-72.0,867.0
1501,,1581,299,10,-72.0,862.0
1503,,1582,300,11,-74.0,862.0
1502,,1583,301,11,-75.0,862.0
1505,,1584,301,11,-77.0,860.0
1506,,1585,302,11,-76.0,864.0
1504,,1586,303,11,-72.0,858.0
1508,,1587,303,11,-73.0,860.0
1507,,1588,304,11,-72.0,858.0
1510,,1589,304,11,-72.0,857.0
1509,,1590,305,11,-76.0,860.0
1512,,1591,306,11,-73.0,852.0
1511,,1592,306,11,-71.0,857.0
1513,,1593,307,11,-72.0,852.0
1514,,1594,307,11,-74.0,855.0
1515,,1595,308,11,-71.0,855.0
1516,,1596,309,11,-74.0,850.0
1517,,1597,309,11,-73.0,855.0
1519,,1598,310,11,-70.0,849.0
1518,,1599,310,11,-72.0,853.0
1520,,1600,311,11,-71.0,850.0
1522,,1601,312,11,-71.0,853.0
1521,,1602,312,11,-77.0,852.0
1523,,1603,313,11,-76.0,847.0
1524,,1604,313,11,-77.0,850.0
1526,,1605,314,11,-73.0,846.0
1525,,1606,315,11,-75.0,850.0
1528,,1607,315,11,-77.0,846.0
1527,,1608,316,11,-72.0,847.0
1529,,1609,316,11,-71.0,847.0
1534,,1613,319,11,-72.0,846.0
1533,,1614,319,11,-73.0,837.0
1536,,1615,320,11,-73.0,842.0
1535,,1616,320,11,-73.0,848.0
1537,,1617,321,11,-72.0,840.0
1540,,1618,322,11,-71.0,845.0
1538,,1619,322,11,-73.0,841.0
1539,,1620,323,11,-70.0,844.0
1541,,1621,323,11,-73.0,842.0
1542,,1622,324,11,-71.0,841.0
1544,,1623,324,11,-71.0,840.0
1543,,1624,325,11,-72.0,837.0
1546,,1625,326,11,-71.0,839.0
1545,,1626,326,11,-71.0,839.0
1547,,1627,327,11,-72.0,838.0
1549,,1628,327,11,-71.0,839.0
1548,,1629,328,11,-74.0,837.0
1551,,1630,328,11,-77.0,838.0
1550,,1631,329,11,-77.0,837.0
1552,,1632,330,12,-72.0,836.0
1554,,1633,330,12,-75.0,834.0
1553,,1634,331,12,-72.0,834.0
1555,,1635,331,12,-73.0,833.0
1556,,1636,332,12,-72.0,834.0
1557,,1637,332,12,-73.0,833.0
1559,,1638,333,12,-73.0,833.0
1558,,1639,334,12,-71.0,832.0
1561,,1640,334,12,-72.0,832.0
1560,,1641,335,12,-72.0,831.0
1564,,1642,335,12,-72.0,829.0
1563,,1643,336,12,-74.0,832.0
1562,,1644,336,12,-74.0,832.0
1567,,1645,337,12,-74.0,832.0
1565,,1646,337,12,-74.0,831.0
1566,,1647,338,12,-73.0,831.0
1568,,1648,339,12,-73.0,830.0
1569,,1649,339,12,-74.0,830.0
1570,,1650,340,12,-75.0,833.0
1571,,1651,340,12,-77.0,833.0
1572,,1652,341,12,-76.0,834.0
1573,,1653,341,12,-75.0,833.0
1575,,1654,342,12,-75.0,829.0
1574,,1655,342,12,-76.0,831.0
1576,,1656,343,12,-75.0,832.0
1578,,1657,343,12,-75.0,836.0
1577,,1658,344,12,-77.0,835.0
1579,,1659,345,12,-77.0,832.0
1581,,1660,345,12,-74.0,832.0
1580,,1661,346,12,-75.0,831.0
1583,,1662,346,12,-75.0,831.0
1584,,1663,347,12,-74.0,832.0
1586,,1664,347,12,-74.0,832.0
1585,,1665,348,12,-76.0,833.0
1582,,1666,348,12,-76.0,834.0
1588,,1667,349,12,-76.0,833.0
1587,,1668,349,12,-77.0,831.0
1589,,1669,350,12,-74.0,833.0
1590,,1670,350,12,-76.0,834.0
1591,,1671,351,12,-76.0,832.0
1592,,1672,351,12,-74.0,833.0
1594,,1673,352,12,-75.0,836.0
1593,,1674,352,12,-75.0,835.0
1595,,1675,353,12,-75.0,835.0
1596,,1676,354,12,-76.0,837.0
1597,,1677,354,12,-74.0,835.0
1598,,1678,355,12,-74.0,836.0
1599,,1679,355,12,-75.0,836.0
1601,,1680,356,12,-74.0,835.0
1602,,1681,356,12,-74.0,837.0
1603,,1682,357,12,-76.0,839.0
1600,,1683,357,12,-75.0,837.0
1604,,1684,358,12,-75.0,837.0
1605,,1685,358,12,-77.0,838.0
1607,,1686,359,12,-75.0,838.0
1608,,1687,359,12,-75.0,838.0
1606,,1688,0,1,-76.0,840.0
1610,,1689,0,1,-75.0,840.0
1609,,1690,1,1,-76.0,840.0
1614,,1692,2,1,-62.0,820.0
1612,,1693,2,1,-76.0,840.0
1613,,1694,3,1,-76.0,840.0
1611,,1695,3,1,-77.0,840.0
1615,,1696,4,1,-75.0,841.0
1616,,1697,4,1,-77.0,841.0
1618,,1698,5,1,-77.0,842.0
1617,,1699,5,1,-76.0,843.0
1619,,1700,6,1,-76.0,842.0
1620,,1701,6,1,-76.0,841.0
1621,,1702,7,1,-75.0,842.0
1622,,1703,7,1,-76.0,843.0
1625,,1704,8,1,-77.0,844.0
1623,,1705,8,1,-76.0,845.0
1624,,1706,9,1,-77.0,845.0
1627,,1707,9,1,-77.0,846.0
1626,,1708,10,1,-76.0,846.0
1628,,1709,10,1,-76.0,847.0
1629,,1710,11,1,-76.0,848.0
1631,,1711,11,1,-75.0,848.0
1630,,1712,12,1,-77.0,849.0
1635,,1713,12,1,-75.0,850.0
1633,,1714,13,1,-77.0,849.0
1634,,1715,13,1,-77.0,851.0
1632,,1716,14,1,-76.0,850.0
1636,,1717,14,1,-76.0,851.0
1637,,1718,15,1,-77.0,852.0
1639,,1719,15,1,-77.0,853.0
1638,,1720,16,1,-76.0,853.0
1641,,1721,16,1,-76.0,852.0
1640,,1722,17,1,-77.0,854.0
1642,,1723,17,1,-76.0,854.0
1643,,1724,18,1,-77.0,856.0
1644,,1725,18,1,-79.0,857.0
1645,,1726,19,1,-76.0,855.0
1647,,1727,19,1,-75.0,855.0
1648,,1728,20,1,-76.0,855.0
1646,,1729,20,1,-76.0,858.0
1650,,1730,21,1,-77.0,858.0
1649,,1731,21,1,-78.0,857.0
1651,,1732,22,1,-78.0,858.0
1652,,1733,22,1,-77.0,859.0
1655,,1734,23,1,-78.0,859.0
1653,,1735,23,1,-78.0,861.0
1654,,1736,23,1,-77.0,860.0
1656,,1737,24,1,-78.0,861.0
1657,,1738,24,1,-78.0,861.0
1658,,1739,25,1,-77.0,861.0
1662,,1740,25,1,-78.0,861.0
1659,,1741,26,1,-78.0,863.0
1661,,1742,26,1,-77.0,865.0
1660,,1743,27,1,-78.0,863.0
1663,,1744,27,1,-78.0,863.0
1664,,1745,28,1,-78.0,865.0
1665,,1746,28,1,-76.0,866.0
1666,,1747,29,1,-79.0,866.0
1668,,1748,29,1,-79.0,867.0
1667,,1749,30,2,-76.0,867.0
1669,,1750,30,2,-77.0,867.0
1670,,1751,31,2,-78.0,867.0
1671,,1752,31,2,-80.0,867.0
1672,,1753,32,2,-76.0,868.0
1673,,1754,32,2,-78.0,870.0
1674,,1755,32,2,-77.0,870.0
1675,,1756,33,2,-78.0,871.0
1676,,1757,33,2,-78.0,871.0
1677,,1758,34,2,-78.0,871.0
1678,,1759,34,2,-77.0,871.0
1679,,1760,35,2,-78.0,872.0
1684,,1761,35,2,-77.0,872.0
1687,,1762,36,2,-77.0,872.0
1680,,1763,36,2,-78.0,873.0
1682,,1764,37,2,-79.0,872.0
1690,,1765,37,2,-77.0,873.0
1688,,1766,38,2,-79.0,873.0
1691,,1767,38,2,-77.0,874.0
1683,,1768,39,2,-78.0,875.0
1689,,1769,39,2,-76.0,875.0
1686,,1770,39,2,-79.0,875.0
1692,,1771,40,2,-79.0,876.0
1681,,1772,40,2,-78.0,876.0
1685,,1773,41,2,-78.0,876.0
1693,,1774,41,2,-79.0,877.0
1694,,1775,42,2,-80.0,877.0
1696,,1776,42,2,-79.0,877.0
1695,,1777,43,2,-79.0,877.0
1697,,1778,43,2,-81.0,877.0
1698,,1779,44,2,-78.0,878.0
1699,,1780,44,2,-77.0,879.0
1700,,1781,45,2,-78.0,879.0
1701,,1782,45,2,-78.0,878.0
1703,,1783,45,2,-79.0,879.0
1702,,1784,46,2,-80.0,883.0
1704,,1785,46,2,-77.0,881.0
1705,,1787,47,2,-79.0,881.0
1706,,1788,48,2,-79.0,881.0
1708,,1789,48,2,-79.0,881.0
1707,,1790,49,2,-81.0,882.0
1709,,1791,49,2,-79.0,882.0
1710,,1792,50,2,-80.0,883.0
1711,,1793,50,2,-80.0,883.0
1712,,1794,50,2,-80.0,883.0
1714,,1795,51,2,-81.0,882.0
1715,,1796,51,2,-80.0,883.0
1713,,1797,52,2,-79.0,884.0
1716,,1798,52,2,-79.0,883.0
1717,,1799,53,2,-78.0,883.0
1718,,1800,53,2,-80.0,883.0
1719,,1801,54,2,-80.0,882.0
1722,,1802,54,2,-79.0,882.0
1723,,1803,55,2,-78.0,882.0
1720,,1804,55,2,-78.0,883.0
1721,,1805,55,2,-78.0,883.0
1724,,1806,56,2,-80.0,884.0
1725,,1807,56,2,-78.0,884.0
1726,,1808,57,2,-79.0,884.0
1728,,1809,57,2,-80.0,884.0
1729,,1810,58,2,-78.0,883.0
1727,,1811,58,2,-79.0,882.0
1730,,1812,59,2,-79.0,882.0
1731,,1813,59,2,-80.0,881.0
1732,,1814,59,2,-80.0,881.0
1733,,1815,60,3,-81.0,881.0
1734,,1816,60,3,-82.0,882.0
1735,,1817,61,3,-80.0,882.0
1736,,1818,61,3,-81.0,881.0
1737,,1819,62,3,-82.0,880.0
1738,,1820,62,3,-79.0,881.0
1740,,1821,63,3,-81.0,882.0
1739,,1822,63,3,-78.0,881.0
1743,,1823,64,3,-80.0,879.0
1742,,1824,64,3,-80.0,879.0
1741,,1825,64,3,-80.0,878.0
1744,,1826,65,3,-80.0,878.0
1745,,1827,65,3,-80.0,879.0
1746,,1828,66,3,-80.0,878.0
1749,,1829,66,3,-78.0,877.0
1748,,1830,67,3,-80.0,877.0
1747,,1831,67,3,-80.0,876.0
1750,,1832,68,3,-84.0,875.0
1751,,1833,68,3,-81.0,875.0
1752,,1834,68,3,-80.0,875.0
1753,,1835,69,3,-80.0,873.0
1755,,1836,69,3,-81.0,873.0
1756,,1837,70,3,-81.0,872.0
1754,,1838,70,3,-79.0,872.0
1757,,1839,71,3,-80.0,872.0
1758,,1840,71,3,-77.0,871.0
1759,,1841,72,3,-77.0,870.0
1761,,1842,72,3,-79.0,869.0
1760,,1843,72,3,-80.0,869.0
1762,,1844,73,3,-81.0,869.0
1763,,1845,73,3,-80.0,868.0
1765,,1846,74,3,-80.0,868.0
1764,,1847,74,3,-80.0,866.0
1766,,1848,75,3,-80.0,865.0
1770,,1849,75,3,-80.0,864.0
1768,,1850,76,3,-80.0,864.0
1767,,1851,76,3,-87.0,864.0
1769,,1852,77,3,-80.0,863.0
1771,,1853,77,3,-80.0,862.0
1772,,1854,77,3,-80.0,861.0
1773,,1855,78,3,-78.0,861.0
1774,,1856,78,3,-80.0,859.0
1776,,1857,79,3,-80.0,858.0
1775,,1858,79,3,-81.0,857.0
1779,,1859,80,3,-79.0,857.0
1778,,1860,80,3,-80.0,857.0
1780,,1861,81,3,-79.0,855.0
1777,,1862,81,3,-81.0,854.0
1781,,1863,81,3,-80.0,853.0
1782,,1864,82,3,-82.0,852.0
1783,,1865,82,3,-80.0,852.0
1785,,1866,83,3,-80.0,850.0
1784,,1867,83,3,-78.0,848.0
1786,,1868,84,3,-80.0,848.0
1787,,1869,84,3,-81.0,846.0
1788,,1870,85,3,-81.0,845.0
1789,,1871,85,3,-80.0,844.0
1791,,1872,86,3,-79.0,843.0
1790,,1873,86,3,-79.0,842.0
1792,,1874,86,3,-80.0,840.0
1793,,1875,87,3,-79.0,839.0
1794,,1876,87,3,-79.0,838.0
1797,,1877,88,3,-79.0,837.0
1795,,1878,88,3,-79.0,835.0
1796,,1879,89,3,-79.0,834.0
1798,,1880,89,3,-79.0,833.0
1803,,1881,90,4,-79.0,832.0
1801,,1882,90,4,-78.0,831.0
1800,,1883,91,4,-78.0,830.0
1799,,1884,91,4,-79.0,829.0
1804,,1885,91,4,-79.0,827.0
1805,,1886,92,4,-79.0,826.0
1802,,1887,92,4,-79.0,824.0
1807,,1888,93,4,-79.0,823.0
1806,,1889,93,4,-80.0,822.0
1808,,1890,94,4,-79.0,821.0
1810,,1891,94,4,-80.0,819.0
1809,,1892,95,4,-81.0,817.0
1812,,1893,95,4,-79.0,816.0
1811,,1894,96,4,-79.0,815.0
1814,,1895,96,4,-78.0,814.0
1813,,1896,96,4,-79.0,812.0
1817,,1897,97,4,-80.0,811.0
1816,,1898,97,4,-81.0,810.0
1815,,1899,98,4,-81.0,808.0
1818,,1900,98,4,-81.0,807.0
1819,,1901,99,4,-81.0,806.0
1820,,1902,99,4,-79.0,804.0
1821,,1903,100,4,-78.0,803.0
1822,,1904,100,4,-79.0,801.0
1823,,1905,101,4,-80.0,800.0
1824,,1906,101,4,-79.0,799.0
1825,,1907,101,4,-79.0,798.0
1826,,1908,102,4,-79.0,796.0
1827,,1909,102,4,-80.0,795.0
1828,,1910,103,4,-80.0,794.0
1833,,1911,103,4,-79.0,792.0
1832,,1912,104,4,-80.0,791.0
1830,,1913,104,4,-79.0,791.0
1834,,1914,105,4,-78.0,790.0
1835,,1915,105,4,-78.0,788.0
1829,,1916,106,4,-79.0,787.0
1831,,1917,106,4,-80.0,786.0
1839,,1918,107,4,-77.0,784.0
1836,,1919,107,4,-77.0,783.0
1837,,1920,108,4,-77.0,782.0
1838,,1921,108,4,-78.0,781.0
1840,,1922,108,4,-79.0,780.0
1842,,1923,109,4,-77.0,778.0
1841,,1924,109,4,-78.0,777.0
1844,,1925,110,4,-79.0,777.0
1843,,1926,110,4,-80.0,775.0
1845,,1927,111,4,-79.0,774.0
1847,,1928,111,4,-78.0,773.0
1846,,1929,112,4,-79.0,771.0
1848,,1930,112,4,-79.0,770.0
1849,,1931,113,4,-79.0,770.0
1850,,1932,113,4,-79.0,768.0
1852,,1933,114,4,-78.0,767.0
1851,,1934,114,4,-79.0,766.0
1853,,1935,115,4,-80.0,765.0
1855,,1936,115,4,-79.0,764.0
1854,,1937,116,4,-80.0,763.0
1859,,1938,116,4,-78.0,762.0
1857,,1939,116,4,-78.0,760.0
1858,,1940,117,4,-77.0,759.0
1856,,1941,117,4,-77.0,758.0
1860,,1942,118,4,-78.0,757.0
1863,,1943,118,4,-78.0,756.0
1861,,1944,119,4,-80.0,755.0
1862,,1945,119,4,-78.0,754.0
1864,,1946,120,5,-79.0,753.0
1865,,1947,120,5,-78.0,751.0
1866,,1948,121,5,-78.0,752.0
1867,,1949,121,5,-78.0,751.0
1868,,1950,122,5,-79.0,750.0
1869,,1951,122,5,-77.0,749.0
1871,,1952,123,5,-80.0,748.0
1870,,1953,123,5,-78.0,747.0
1872,,1954,124,5,-77.0,745.0
1873,,1955,124,5,-77.0,745.0
1879,,1956,125,5,-79.0,744.0
1875,,1957,125,5,-77.0,742.0
1874,,1958,126,5,-77.0,741.0
1878,,1959,126,5,-78.0,740.0
1876,,1960,127,5,-78.0,740.0
1877,,1961,127,5,-77.0,740.0
1880,,1962,128,5,-78.0,738.0
1881,,1963,128,5,-77.0,737.0
1882,,1964,129,5,-76.0,736.0
1883,,1965,129,5,-76.0,735.0
1884,,1966,130,5,-77.0,735.0
1885,,1967,130,5,-76.0,734.0
1886,,1968,131,5,-76.0,732.0
1887,,1969,131,5,-76.0,732.0
1888,,1970,132,5,-77.0,731.0
1890,,1971,132,5,-78.0,731.0
1891,,1972,133,5,-78.0,730.0
1889,,1973,133,5,-78.0,730.0
1892,,1974,134,5,-77.0,729.0
1894,,1975,134,5,-76.0,729.0
1893,,1976,135,5,-77.0,728.0
1895,,1977,135,5,-77.0,727.0
